max_temp,min_temp,cisnienie,godzin_dnia,faza_ksiezyca,zabici
-3,-6,1021.0,8,waxing crescent,"6.4, 8.0"
-3,-8,1019.0,8,first quarter,"3.2, 4.8"
-1,-5,1011.0,8,first quarter,"0.0, 1.6"
-7,-9,1021.0,8,first quarter,< 0.0
-12,-21,1027.0,8,waxing gibbous,< 0.0
-5,-18,1015.0,8,waxing gibbous,"3.2, 4.8"
-5,-8,1027.0,8,waxing gibbous,"1.6, 3.2"
-1,-8,1025.0,8,waxing gibbous,"3.2, 4.8"
0,-2,1030.0,8,full,"1.6, 3.2"
-1,-1,1034.0,8,full,"1.6, 3.2"
0,-8,1031.0,8,full,"3.2, 4.8"
1,-10,1022.0,8,wwaning gibbous,"3.2, 4.8"
0,-10,1016.0,8,wwaning gibbous,"1.6, 3.2"
0,-2,1017.0,8,wwaning gibbous,"1.6, 3.2"
0,-2,1023.0,8,wwaning gibbous,"3.2, 4.8"
-2,-4,1024.0,8,last quarter,< 0.0
-1,-10,1013.0,8,last quarter,"0.0, 1.6"
2,-4,1006.0,8,last quarter,"4.8, 6.4"
4,-4,1005.0,9,waning crescent,"1.6, 3.2"
7,0,1009.0,9,waning crescent,"4.8, 6.4"
3,1,1006.0,9,waning crescent,"3.2, 4.8"
5,0,996.0,9,waning crescent,"3.2, 4.8"
4,2,989.0,9,waning crescent,"3.2, 4.8"
3,0,1001.0,9,new,"0.0, 1.6"
2,-4,1008.0,9,new,"9.6, 11.2"
1,0,1013.0,9,new,"1.6, 3.2"
0,0,1017.0,9,waxing crescent,"3.2, 4.8"
0,-1,1022.0,9,waxing crescent,"1.6, 3.2"
0,-1,1023.0,9,waxing crescent,"3.2, 4.8"
0,-2,1020.0,9,waxing crescent,"4.8, 6.4"
0,-2,1023.0,9,waxing crescent,< 0.0
0,-3,1025.0,9,first quarter,"0.0, 1.6"
0,-5,1015.0,9,first quarter,"1.6, 3.2"
5,0,1000.0,9,first quarter,"6.4, 8.0"
2,0,1004.0,9,waxing gibbous,"3.2, 4.8"
6,0,1002.0,10,waxing gibbous,"0.0, 1.6"
13,0,996.0,10,waxing gibbous,"4.8, 6.4"
7,2,994.0,10,waxing gibbous,"4.8, 6.4"
1,0,1006.0,10,full,"0.0, 1.6"
3,-3,1004.0,10,full,< 0.0
2,0,998.0,10,wwaning gibbous,"4.8, 6.4"
0,-1,1005.0,10,wwaning gibbous,"0.0, 1.6"
0,-1,1004.0,10,wwaning gibbous,"4.8, 6.4"
0,0,1007.0,10,wwaning gibbous,"0.0, 1.6"
0,-2,1016.0,10,wwaning gibbous,"0.0, 1.6"
-1,-14,1017.0,10,last quarter,"0.0, 1.6"
-3,-15,1015.0,10,last quarter,"0.0, 1.6"
-3,-7,1016.0,10,last quarter,"0.0, 1.6"
-2,-6,1019.0,10,waning crescent,"0.0, 1.6"
-2,-10,1024.0,10,waning crescent,"0.0, 1.6"
-3,-15,1030.0,10,waning crescent,"0.0, 1.6"
-3,-8,1022.0,10,waning crescent,"0.0, 1.6"
0,-6,1009.0,11,waning crescent,"0.0, 1.6"
2,-3,1020.0,11,new,"3.2, 4.8"
2,-3,1024.0,11,new,"0.0, 1.6"
1,0,1013.0,11,new,< 0.0
2,0,1007.0,11,waxing crescent,"3.2, 4.8"
1,0,1012.0,11,waxing crescent,"1.6, 3.2"
3,-8,1019.0,11,waxing crescent,"0.0, 1.6"
2,-9,1020.0,11,waxing crescent,"3.2, 4.8"
4,-9,1016.0,11,first quarter,"0.0, 1.6"
5,0,1010.0,11,first quarter,"0.0, 1.6"
3,0,1000.0,11,first quarter,"3.2, 4.8"
2,1,996.0,11,waxing gibbous,"0.0, 1.6"
1,0,1000.0,11,waxing gibbous,"3.2, 4.8"
1,-1,1001.0,11,waxing gibbous,"0.0, 1.6"
2,0,1000.0,12,waxing gibbous,"0.0, 1.6"
4,-1,1007.0,12,full,< 0.0
4,-1,1010.0,12,full,"0.0, 1.6"
1,0,1015.0,12,full,"6.4, 8.0"
2,-5,1014.0,12,wwaning gibbous,"0.0, 1.6"
4,-1,1020.0,12,wwaning gibbous,"3.2, 4.8"
8,-4,1020.0,12,wwaning gibbous,"1.6, 3.2"
5,0,1025.0,12,wwaning gibbous,"0.0, 1.6"
3,-1,1021.0,12,wwaning gibbous,"3.2, 4.8"
1,0,1011.0,12,last quarter,"6.4, 8.0"
1,-1,1014.0,12,last quarter,"3.2, 4.8"
2,-1,1025.0,12,last quarter,"3.2, 4.8"
4,-5,1023.0,12,waning crescent,"0.0, 1.6"
2,0,1009.0,12,waning crescent,"1.6, 3.2"
6,0,995.0,12,waning crescent,"3.2, 4.8"
4,0,989.0,12,waning crescent,"0.0, 1.6"
0,-2,1000.0,12,waning crescent,"3.2, 4.8"
4,-10,1008.0,12,new,< 0.0
7,-1,1006.0,12,new,"1.6, 3.2"
13,3,1006.0,12,new,"0.0, 1.6"
10,6,1009.0,12,waxing crescent,< 0.0
8,5,1014.0,13,waxing crescent,"0.0, 1.6"
10,-1,1024.0,13,waxing crescent,"0.0, 1.6"
13,-1,1022.0,13,waxing crescent,"0.0, 1.6"
11,0,1027.0,13,first quarter,"0.0, 1.6"
17,-1,1022.0,13,first quarter,"6.4, 8.0"
20,3,1016.0,14,waxing gibbous,"3.2, 4.8"
22,3,1017.0,14,waxing gibbous,"0.0, 1.6"
15,4,1020.0,14,waxing gibbous,"6.4, 8.0"
18,2,1015.0,14,waxing gibbous,"0.0, 1.6"
21,5,1016.0,14,waxing gibbous,"6.4, 8.0"
20,7,1016.0,14,full,"0.0, 1.6"
15,5,1017.0,14,full,"3.2, 4.8"
12,4,1015.0,14,full,"1.6, 3.2"
11,5,1014.0,14,wwaning gibbous,"0.0, 1.6"
12,5,1013.0,14,wwaning gibbous,"3.2, 4.8"
16,1,1012.0,14,wwaning gibbous,"3.2, 4.8"
11,1,1016.0,14,wwaning gibbous,"0.0, 1.6"
15,0,1017.0,14,last quarter,"3.2, 4.8"
18,4,1007.0,14,last quarter,"0.0, 1.6"
16,8,1012.0,14,last quarter,"3.2, 4.8"
11,0,1026.0,14,last quarter,"1.6, 3.2"
14,-2,1024.0,14,waning crescent,"3.2, 4.8"
13,1,1025.0,14,waning crescent,"3.2, 4.8"
16,0,1019.0,14,waning crescent,"3.2, 4.8"
17,1,1017.0,14,waning crescent,"3.2, 4.8"
15,0,1023.0,14,new,"11.2, 12.8"
16,1,1025.0,14,new,"1.6, 3.2"
19,2,1022.0,14,new,"1.6, 3.2"
21,5,1017.0,14,waxing crescent,"6.4, 8.0"
23,5,1014.0,14,waxing crescent,"3.2, 4.8"
24,5,1011.0,14,waxing crescent,"3.2, 4.8"
24,8,1011.0,14,waxing crescent,"12.8, 14.4"
15,6,1017.0,14,first quarter,"0.0, 1.6"
18,6,1021.0,14,first quarter,"6.4, 8.0"
20,3,1021.0,15,first quarter,"1.6, 3.2"
22,4,1014.0,15,waxing gibbous,"3.2, 4.8"
14,6,1016.0,15,waxing gibbous,"6.4, 8.0"
13,5,1009.0,16,waxing gibbous,"0.0, 1.6"
16,5,1013.0,16,waxing gibbous,"0.0, 1.6"
21,6,1018.0,16,full,"8.0, 9.6"
19,8,1019.0,16,full,"3.2, 4.8"
23,5,1018.0,16,full,"3.2, 4.8"
20,8,1017.0,16,wwaning gibbous,"3.2, 4.8"
14,7,1017.0,16,wwaning gibbous,"8.0, 9.6"
13,1,1019.0,16,wwaning gibbous,"0.0, 1.6"
15,0,1015.0,16,wwaning gibbous,"1.6, 3.2"
18,0,1014.0,16,wwaning gibbous,"1.6, 3.2"
20,8,1011.0,16,last quarter,"4.8, 6.4"
17,8,1019.0,16,last quarter,"6.4, 8.0"
22,6,1019.0,16,last quarter,"3.2, 4.8"
22,9,1019.0,16,waning crescent,< 0.0
21,12,1021.0,16,waning crescent,"4.8, 6.4"
24,8,1017.0,16,waning crescent,"4.8, 6.4"
22,13,1010.0,16,waning crescent,"1.6, 3.2"
15,10,1014.0,16,waning crescent,"3.2, 4.8"
19,5,1016.0,16,new,"1.6, 3.2"
20,7,1017.0,16,new,"1.6, 3.2"
22,6,1016.0,16,waxing crescent,"6.4, 8.0"
24,9,1016.0,16,waxing crescent,"3.2, 4.8"
18,8,1019.0,16,waxing crescent,"0.0, 1.6"
13,7,1018.0,16,waxing crescent,"3.2, 4.8"
15,8,1021.0,16,first quarter,"0.0, 1.6"
17,10,1019.0,16,first quarter,"0.0, 1.6"
18,3,1017.0,16,first quarter,"6.4, 8.0"
18,8,1008.0,16,waxing gibbous,< 0.0
16,9,1000.0,16,waxing gibbous,"3.2, 4.8"
13,5,1007.0,16,waxing gibbous,"3.2, 4.8"
13,3,1008.0,16,waxing gibbous,"0.0, 1.6"
17,3,1007.0,16,waxing gibbous,"3.2, 4.8"
20,11,1003.0,16,full,"3.2, 4.8"
24,10,1012.0,16,full,"6.4, 8.0"
25,12,1013.0,16,full,"3.2, 4.8"
24,13,1014.0,16,wwaning gibbous,"8.0, 9.6"
22,10,1011.0,16,wwaning gibbous,"0.0, 1.6"
16,11,1011.0,16,wwaning gibbous,"9.6, 11.2"
12,6,1012.0,16,wwaning gibbous,"3.2, 4.8"
19,10,1015.0,16,wwaning gibbous,"3.2, 4.8"
23,9,1016.0,16,last quarter,"3.2, 4.8"
21,15,1011.0,16,last quarter,"3.2, 4.8"
17,8,1021.0,16,last quarter,"1.6, 3.2"
22,4,1018.0,16,waning crescent,"3.2, 4.8"
22,13,1013.0,16,waning crescent,"0.0, 1.6"
16,11,1017.0,16,waning crescent,"8.0, 9.6"
14,9,1017.0,16,waning crescent,"6.4, 8.0"
20,10,1013.0,16,new,"3.2, 4.8"
26,15,1010.0,16,new,"3.2, 4.8"
21,15,1008.0,16,new,"8.0, 9.6"
26,14,1010.0,16,waxing crescent,"4.8, 6.4"
23,15,1011.0,16,waxing crescent,"3.2, 4.8"
25,16,1011.0,16,waxing crescent,"3.2, 4.8"
26,14,1012.0,16,waxing crescent,"8.0, 9.6"
28,16,1015.0,16,first quarter,"6.4, 8.0"
29,17,1018.0,16,first quarter,"1.6, 3.2"
29,16,1019.0,16,waxing gibbous,"8.0, 9.6"
27,16,1015.0,16,waxing gibbous,"6.4, 8.0"
25,15,1010.0,16,waxing gibbous,"0.0, 1.6"
25,13,1006.0,16,waxing gibbous,"8.0, 9.6"
23,15,1005.0,16,waxing gibbous,"9.6, 11.2"
24,14,1006.0,16,full,"6.4, 8.0"
24,15,1006.0,16,full,"4.8, 6.4"
19,15,1003.0,16,full,"8.0, 9.6"
19,11,1010.0,16,full,"1.6, 3.2"
20,9,1012.0,16,wwaning gibbous,"3.2, 4.8"
19,12,1013.0,16,wwaning gibbous,"1.6, 3.2"
20,9,1014.0,16,wwaning gibbous,"11.2, 12.8"
22,9,1013.0,16,wwaning gibbous,"4.8, 6.4"
26,11,1016.0,16,last quarter,"3.2, 4.8"
29,16,1018.0,16,last quarter,"3.2, 4.8"
24,17,1018.0,16,last quarter,"3.2, 4.8"
28,15,1015.0,16,waning crescent,"6.4, 8.0"
31,18,1007.0,16,waning crescent,"6.4, 8.0"
20,15,1009.0,16,waning crescent,"3.2, 4.8"
21,10,1015.0,16,waning crescent,"3.2, 4.8"
21,11,1016.0,16,new,"6.4, 8.0"
26,12,1013.0,16,new,"3.2, 4.8"
31,16,1009.0,16,new,"3.2, 4.8"
24,17,1010.0,16,waxing crescent,"6.4, 8.0"
20,14,1013.0,16,waxing crescent,"6.4, 8.0"
17,11,1016.0,16,waxing crescent,"8.0, 9.6"
21,9,1018.0,16,waxing crescent,"8.0, 9.6"
25,9,1017.0,16,first quarter,"3.2, 4.8"
23,15,1021.0,16,first quarter,"0.0, 1.6"
27,12,1018.0,16,first quarter,"3.2, 4.8"
24,15,1018.0,16,waxing gibbous,"6.4, 8.0"
23,12,1020.0,16,waxing gibbous,"11.2, 12.8"
27,12,1014.0,16,waxing gibbous,"8.0, 9.6"
27,16,1010.0,16,waxing gibbous,"6.4, 8.0"
24,15,1014.0,16,waxing gibbous,< 0.0
25,15,1017.0,15,full,"8.0, 9.6"
23,15,1019.0,15,full,"1.6, 3.2"
23,12,1020.0,15,full,"3.2, 4.8"
22,10,1020.0,15,wwaning gibbous,"4.8, 6.4"
22,10,1022.0,15,wwaning gibbous,"8.0, 9.6"
24,8,1020.0,15,wwaning gibbous,"6.4, 8.0"
25,11,1013.0,14,wwaning gibbous,"1.6, 3.2"
22,14,1013.0,14,wwaning gibbous,"11.2, 12.8"
17,11,1010.0,14,last quarter,"8.0, 9.6"
21,9,1015.0,14,last quarter,"6.4, 8.0"
21,8,1020.0,14,last quarter,"8.0, 9.6"
27,10,1017.0,14,waning crescent,"8.0, 9.6"
30,14,1012.0,14,waning crescent,"11.2, 12.8"
23,16,1014.0,14,waning crescent,"4.8, 6.4"
21,10,1023.0,14,waning crescent,"3.2, 4.8"
22,8,1026.0,14,new,"4.8, 6.4"
24,8,1021.0,14,new,"3.2, 4.8"
24,10,1017.0,14,waxing crescent,"3.2, 4.8"
16,14,1022.0,14,waxing crescent,"6.4, 8.0"
21,8,1020.0,14,waxing crescent,"8.0, 9.6"
26,9,1016.0,14,waxing crescent,"0.0, 1.6"
28,13,1016.0,14,first quarter,"6.4, 8.0"
24,16,1016.0,14,first quarter,"6.4, 8.0"
24,13,1014.0,14,first quarter,"4.8, 6.4"
25,13,1012.0,14,first quarter,"8.0, 9.6"
20,12,1019.0,14,waxing gibbous,"3.2, 4.8"
21,8,1022.0,14,waxing gibbous,"4.8, 6.4"
23,7,1021.0,14,waxing gibbous,"3.2, 4.8"
24,9,1016.0,14,waxing gibbous,"0.0, 1.6"
25,9,1009.0,14,waxing gibbous,"4.8, 6.4"
20,15,1010.0,14,full,"11.2, 12.8"
16,12,1012.0,14,full,"6.4, 8.0"
17,9,1019.0,14,full,"1.6, 3.2"
19,10,1024.0,14,wwaning gibbous,"0.0, 1.6"
20,7,1028.0,14,wwaning gibbous,"3.2, 4.8"
23,9,1027.0,13,wwaning gibbous,"6.4, 8.0"
25,11,1024.0,13,wwaning gibbous,"6.4, 8.0"
24,12,1022.0,13,last quarter,"3.2, 4.8"
20,11,1019.0,12,last quarter,"8.0, 9.6"
18,11,1015.0,12,last quarter,"6.4, 8.0"
20,11,1019.0,12,waning crescent,"8.0, 9.6"
23,11,1021.0,12,waning crescent,"8.0, 9.6"
25,11,1016.0,12,waning crescent,"3.2, 4.8"
22,11,1013.0,12,waning crescent,"3.2, 4.8"
18,8,1021.0,12,new,"1.6, 3.2"
17,5,1023.0,12,new,"0.0, 1.6"
19,6,1021.0,12,new,"6.4, 8.0"
23,5,1021.0,12,waxing crescent,"3.2, 4.8"
22,9,1023.0,12,waxing crescent,"3.2, 4.8"
23,11,1020.0,12,waxing crescent,"0.0, 1.6"
18,11,1019.0,12,waxing crescent,"3.2, 4.8"
18,6,1022.0,12,first quarter,"3.2, 4.8"
18,7,1026.0,12,first quarter,"4.8, 6.4"
21,5,1027.0,12,first quarter,"6.4, 8.0"
23,6,1016.0,12,waxing gibbous,"4.8, 6.4"
14,11,1009.0,12,waxing gibbous,"3.2, 4.8"
12,5,1016.0,12,waxing gibbous,"1.6, 3.2"
14,1,1006.0,12,waxing gibbous,"4.8, 6.4"
11,5,1011.0,12,waxing gibbous,"3.2, 4.8"
12,4,1015.0,12,full,"6.4, 8.0"
16,6,1007.0,12,full,"6.4, 8.0"
13,7,1016.0,12,full,"3.2, 4.8"
13,3,1020.0,11,wwaning gibbous,"3.2, 4.8"
20,8,1013.0,11,wwaning gibbous,"4.8, 6.4"
23,12,1009.0,11,wwaning gibbous,"3.2, 4.8"
13,8,1021.0,11,wwaning gibbous,"6.4, 8.0"
12,0,1020.0,11,last quarter,"9.6, 11.2"
11,6,1008.0,11,last quarter,"4.8, 6.4"
13,7,1003.0,11,last quarter,"3.2, 4.8"
4,4,1007.0,11,waning crescent,"1.6, 3.2"
0,0,998.0,11,waning crescent,"8.0, 9.6"
1,0,1009.0,11,waning crescent,"9.6, 11.2"
3,0,1013.0,11,waning crescent,"6.4, 8.0"
3,0,1015.0,11,new,"3.2, 4.8"
5,0,1018.0,11,new,"3.2, 4.8"
8,-1,1022.0,10,new,"6.4, 8.0"
5,2,1018.0,10,waxing crescent,"6.4, 8.0"
6,2,1016.0,10,waxing crescent,"1.6, 3.2"
9,4,1012.0,10,waxing crescent,"0.0, 1.6"
11,3,1010.0,10,waxing crescent,"3.2, 4.8"
10,7,1017.0,10,waxing crescent,"11.2, 12.8"
11,7,1018.0,10,first quarter,"4.8, 6.4"
14,7,1017.0,10,first quarter,"6.4, 8.0"
12,8,1016.0,10,first quarter,"1.6, 3.2"
8,6,1017.0,10,waxing gibbous,"6.4, 8.0"
6,1,1020.0,10,waxing gibbous,"4.8, 6.4"
4,0,1031.0,10,waxing gibbous,"3.2, 4.8"
3,-4,1031.0,10,waxing gibbous,"6.4, 8.0"
3,-1,1027.0,10,waxing gibbous,"3.2, 4.8"
3,-4,1018.0,10,full,"4.8, 6.4"
0,-4,1011.0,10,full,"1.6, 3.2"
1,-2,1003.0,9,full,"0.0, 1.6"
3,0,1007.0,9,wwaning gibbous,"6.4, 8.0"
8,0,1015.0,9,wwaning gibbous,"6.4, 8.0"
7,3,1007.0,9,wwaning gibbous,"3.2, 4.8"
10,2,1009.0,9,wwaning gibbous,"1.6, 3.2"
10,8,1009.0,9,last quarter,"1.6, 3.2"
6,5,1008.0,9,last quarter,"8.0, 9.6"
7,3,998.0,9,last quarter,"0.0, 1.6"
3,2,1006.0,9,waning crescent,"8.0, 9.6"
6,2,1017.0,9,waning crescent,"6.4, 8.0"
8,1,1021.0,9,waning crescent,"0.0, 1.6"
5,1,1017.0,9,waning crescent,"4.8, 6.4"
8,4,1016.0,9,new,"4.8, 6.4"
9,3,1015.0,9,new,"4.8, 6.4"
10,8,1017.0,9,new,"6.4, 8.0"
10,6,1019.0,9,waxing crescent,"3.2, 4.8"
11,3,1024.0,9,waxing crescent,"6.4, 8.0"
11,2,1024.0,9,waxing crescent,"6.4, 8.0"
10,2,1017.0,9,waxing crescent,"3.2, 4.8"
7,2,1011.0,8,waxing crescent,"1.6, 3.2"
11,3,1006.0,8,first quarter,"9.6, 11.2"
11,5,1012.0,8,first quarter,"4.8, 6.4"
11,2,1012.0,8,first quarter,"3.2, 4.8"
8,1,1011.0,8,waxing gibbous,"4.8, 6.4"
8,2,1012.0,8,waxing gibbous,"1.6, 3.2"
8,0,1012.0,8,waxing gibbous,"6.4, 8.0"
9,1,1008.0,8,waxing gibbous,"1.6, 3.2"
11,6,1006.0,8,full,"0.0, 1.6"
8,4,1014.0,8,full,"3.2, 4.8"
4,-2,1016.0,8,full,"1.6, 3.2"
7,3,1012.0,8,wwaning gibbous,"6.4, 8.0"
2,0,1016.0,8,wwaning gibbous,"3.2, 4.8"
4,0,1018.0,8,wwaning gibbous,"3.2, 4.8"
6,2,1014.0,8,wwaning gibbous,"4.8, 6.4"
6,2,1016.0,8,last quarter,"1.6, 3.2"
3,2,1020.0,8,last quarter,"0.0, 1.6"
4,1,1024.0,8,last quarter,"4.8, 6.4"
2,0,1022.0,8,waning crescent,"3.2, 4.8"
-1,-3,1025.0,8,waning crescent,"8.0, 9.6"
-5,-6,1023.0,8,waning crescent,"3.2, 4.8"
-2,-6,1020.0,8,waning crescent,"0.0, 1.6"
-3,-4,1021.0,8,new,"0.0, 1.6"
-6,-7,1015.0,8,new,< 0.0
-11,-10,1010.0,8,new,"3.2, 4.8"
-12,-13,1012.0,8,new,"0.0, 1.6"
-12,-15,1011.0,8,waxing crescent,"0.0, 1.6"
-12,-18,1006.0,8,waxing crescent,"0.0, 1.6"
-6,-19,1008.0,8,waxing crescent,"3.2, 4.8"
1,-11,1005.0,8,waxing crescent,"3.2, 4.8"
6,0,997.0,8,waxing crescent,"3.2, 4.8"
2,0,1008.0,8,first quarter,< 0.0
10,1,994.0,8,first quarter,< 0.0
4,3,1005.0,8,first quarter,< 0.0
1,-2,1008.0,8,waxing gibbous,"1.6, 3.2"
0,-1,999.0,8,waxing gibbous,"1.6, 3.2"
0,0,1006.0,8,waxing gibbous,"0.0, 1.6"
-1,-8,1002.0,8,waxing gibbous,< 0.0
-2,-3,999.0,8,full,"3.2, 4.8"
0,-3,995.0,8,full,"0.0, 1.6"
-2,-3,1005.0,8,full,"0.0, 1.6"
-5,-4,1016.0,8,wwaning gibbous,"0.0, 1.6"
-7,-11,1019.0,8,wwaning gibbous,< 0.0
-6,-13,1015.0,8,wwaning gibbous,< 0.0
-2,-11,1004.0,8,wwaning gibbous,< 0.0
-4,-5,1011.0,8,last quarter,"1.6, 3.2"
-2,-5,1021.0,8,last quarter,"0.0, 1.6"
-1,-3,1014.0,8,waning crescent,"1.6, 3.2"
0,-3,1010.0,8,waning crescent,< 0.0
-1,-2,1015.0,8,waning crescent,"1.6, 3.2"
-2,-3,1019.0,8,waning crescent,< 0.0
-4,-7,1019.0,8,waning crescent,"1.6, 3.2"
-8,-15,1022.0,8,new,"0.0, 1.6"
-6,-8,1029.0,8,new,"1.6, 3.2"
-6,-9,1036.0,8,new,"0.0, 1.6"
-4,-10,1029.0,8,waxing crescent,< 0.0
-2,-5,1027.0,8,waxing crescent,"0.0, 1.6"
-8,-8,1027.0,8,waxing crescent,"1.6, 3.2"
-9,-9,1026.0,8,waxing crescent,"1.6, 3.2"
-9,-11,1030.0,9,waxing crescent,"0.0, 1.6"
-11,-11,1036.0,9,first quarter,< 0.0
-14,-20,1038.0,9,first quarter,"0.0, 1.6"
-13,-23,1040.0,9,first quarter,"0.0, 1.6"
-15,-25,1041.0,9,waxing gibbous,"0.0, 1.6"
-13,-24,1039.0,9,waxing gibbous,< 0.0
-11,-19,1026.0,9,waxing gibbous,"1.6, 3.2"
-3,-14,994.0,9,waxing gibbous,"1.6, 3.2"
-1,-5,993.0,9,full,"1.6, 3.2"
0,-6,991.0,9,full,"3.2, 4.8"
-3,-6,1003.0,9,full,"0.0, 1.6"
-4,-9,1006.0,9,wwaning gibbous,"0.0, 1.6"
-1,-5,1013.0,9,wwaning gibbous,"1.6, 3.2"
-2,-9,1010.0,9,wwaning gibbous,"1.6, 3.2"
0,-5,1023.0,9,wwaning gibbous,"0.0, 1.6"
-2,-9,1026.0,9,last quarter,"3.2, 4.8"
-4,-8,1022.0,9,last quarter,"0.0, 1.6"
-6,-10,1021.0,10,last quarter,< 0.0
-5,-9,1015.0,10,waning crescent,"0.0, 1.6"
-5,-11,1012.0,10,waning crescent,"0.0, 1.6"
-2,-8,1012.0,10,waning crescent,"0.0, 1.6"
1,-7,1007.0,10,waning crescent,"0.0, 1.6"
0,-3,1009.0,10,waning crescent,"0.0, 1.6"
-2,-2,1009.0,10,new,< 0.0
-3,-5,1009.0,10,new,"0.0, 1.6"
-5,-6,1009.0,10,new,< 0.0
-2,-8,1011.0,10,waxing crescent,< 0.0
0,-8,1009.0,10,waxing crescent,"0.0, 1.6"
3,-3,1002.0,10,waxing crescent,< 0.0
3,-3,1001.0,10,waxing crescent,"0.0, 1.6"
3,2,993.0,10,waxing crescent,< 0.0
2,-1,1002.0,10,first quarter,< 0.0
4,-5,1005.0,10,first quarter,"0.0, 1.6"
8,-1,1000.0,10,first quarter,< 0.0
8,-1,1004.0,11,waxing gibbous,< 0.0
3,0,1007.0,11,waxing gibbous,"0.0, 1.6"
6,-2,1002.0,11,waxing gibbous,"0.0, 1.6"
3,2,1005.0,11,waxing gibbous,"0.0, 1.6"
5,-3,1005.0,11,full,"3.2, 4.8"
8,2,1002.0,11,full,"0.0, 1.6"
3,0,1014.0,11,wwaning gibbous,"1.6, 3.2"
3,-2,1017.0,11,wwaning gibbous,"1.6, 3.2"
1,-4,1014.0,11,wwaning gibbous,"6.4, 8.0"
2,-8,1014.0,11,wwaning gibbous,"3.2, 4.8"
-1,-5,1017.0,11,wwaning gibbous,"4.8, 6.4"
-2,-8,1027.0,11,last quarter,"0.0, 1.6"
-3,-12,1029.0,11,last quarter,"0.0, 1.6"
-1,-11,1028.0,12,last quarter,"0.0, 1.6"
1,-9,1030.0,12,waning crescent,"0.0, 1.6"
0,-8,1016.0,12,waning crescent,"3.2, 4.8"
0,-4,1008.0,12,waning crescent,"0.0, 1.6"
1,-3,1008.0,12,waning crescent,"1.6, 3.2"
1,-1,1004.0,12,waning crescent,< 0.0
0,-6,1012.0,12,new,< 0.0
0,-4,1015.0,12,new,"0.0, 1.6"
2,-7,1022.0,12,new,< 0.0
5,1,1023.0,12,waxing crescent,< 0.0
12,0,1020.0,12,waxing crescent,"0.0, 1.6"
15,2,1014.0,12,waxing crescent,"6.4, 8.0"
16,6,1010.0,12,waxing crescent,"1.6, 3.2"
6,3,1021.0,12,waxing crescent,"0.0, 1.6"
14,-1,1019.0,12,first quarter,"0.0, 1.6"
12,1,1022.0,12,first quarter,< 0.0
17,0,1021.0,12,waxing gibbous,"1.6, 3.2"
18,6,1014.0,12,waxing gibbous,< 0.0
12,8,1006.0,12,waxing gibbous,"0.0, 1.6"
13,2,1008.0,12,waxing gibbous,"1.6, 3.2"
14,1,1010.0,12,full,"0.0, 1.6"
17,7,1007.0,12,full,"0.0, 1.6"
18,6,1002.0,13,full,"0.0, 1.6"
10,5,1010.0,13,wwaning gibbous,"1.6, 3.2"
12,1,1014.0,13,wwaning gibbous,"1.6, 3.2"
8,2,1018.0,13,wwaning gibbous,< 0.0
15,0,1019.0,14,wwaning gibbous,"6.4, 8.0"
16,6,1018.0,14,last quarter,< 0.0
7,6,1022.0,14,last quarter,"3.2, 4.8"
10,6,1024.0,14,last quarter,"3.2, 4.8"
13,4,1026.0,14,last quarter,"0.0, 1.6"
15,4,1023.0,14,waning crescent,"6.4, 8.0"
9,4,1019.0,14,waning crescent,"0.0, 1.6"
13,3,1019.0,14,waning crescent,"0.0, 1.6"
14,3,1019.0,14,waning crescent,"0.0, 1.6"
15,4,1016.0,14,new,"3.2, 4.8"
12,5,1014.0,14,new,"3.2, 4.8"
16,4,1012.0,14,new,"3.2, 4.8"
13,5,1011.0,14,new,"1.6, 3.2"
11,2,1018.0,14,waxing crescent,< 0.0
18,2,1018.0,14,waxing crescent,"3.2, 4.8"
12,6,1011.0,14,waxing crescent,"3.2, 4.8"
12,2,1013.0,14,waxing crescent,< 0.0
11,0,1008.0,14,first quarter,"6.4, 8.0"
7,1,1012.0,14,first quarter,"3.2, 4.8"
11,0,1017.0,14,first quarter,"1.6, 3.2"
16,0,1021.0,14,waxing gibbous,"8.0, 9.6"
13,0,1031.0,14,waxing gibbous,"4.8, 6.4"
18,2,1025.0,14,waxing gibbous,"6.4, 8.0"
16,8,1020.0,14,waxing gibbous,"0.0, 1.6"
14,7,1023.0,14,full,"4.8, 6.4"
19,2,1018.0,14,full,"0.0, 1.6"
23,8,1010.0,14,wwaning gibbous,"3.2, 4.8"
19,10,1009.0,14,wwaning gibbous,"0.0, 1.6"
19,10,1009.0,14,wwaning gibbous,"4.8, 6.4"
18,10,1009.0,14,wwaning gibbous,"6.4, 8.0"
12,11,1014.0,15,wwaning gibbous,< 0.0
10,7,1015.0,15,last quarter,"0.0, 1.6"
16,7,1006.0,16,last quarter,"3.2, 4.8"
17,10,1003.0,16,last quarter,"0.0, 1.6"
17,10,1009.0,16,waning crescent,"1.6, 3.2"
17,6,1007.0,16,waning crescent,"6.4, 8.0"
19,7,1007.0,16,waning crescent,"1.6, 3.2"
20,8,1010.0,16,waning crescent,"1.6, 3.2"
20,10,1008.0,16,waning crescent,< 0.0
21,10,1005.0,16,new,"1.6, 3.2"
16,10,1002.0,16,new,"1.6, 3.2"
16,9,1005.0,16,new,"3.2, 4.8"
16,10,996.0,16,waxing crescent,"6.4, 8.0"
14,11,1001.0,16,waxing crescent,"3.2, 4.8"
17,10,1006.0,16,waxing crescent,"3.2, 4.8"
17,10,1014.0,16,waxing crescent,"3.2, 4.8"
19,10,1018.0,16,first quarter,"6.4, 8.0"
22,9,1019.0,16,first quarter,"6.4, 8.0"
23,9,1016.0,16,first quarter,"6.4, 8.0"
21,10,1013.0,16,waxing gibbous,"6.4, 8.0"
19,12,1006.0,16,waxing gibbous,"0.0, 1.6"
15,10,1005.0,16,waxing gibbous,"3.2, 4.8"
16,4,1009.0,16,waxing gibbous,"3.2, 4.8"
17,5,1008.0,16,full,"6.4, 8.0"
16,11,1012.0,16,full,"1.6, 3.2"
19,7,1017.0,16,full,"0.0, 1.6"
22,11,1011.0,16,wwaning gibbous,"1.6, 3.2"
19,13,1001.0,16,wwaning gibbous,"1.6, 3.2"
18,12,1003.0,16,wwaning gibbous,"3.2, 4.8"
23,14,1003.0,16,wwaning gibbous,"3.2, 4.8"
23,13,1006.0,16,wwaning gibbous,"8.0, 9.6"
18,15,1008.0,16,last quarter,"0.0, 1.6"
20,7,1021.0,16,last quarter,"6.4, 8.0"
23,8,1017.0,16,last quarter,"9.6, 11.2"
26,11,1009.0,16,waning crescent,"0.0, 1.6"
25,13,1011.0,16,waning crescent,"3.2, 4.8"
28,14,1012.0,16,waning crescent,"3.2, 4.8"
30,16,1010.0,16,waning crescent,"4.8, 6.4"
30,17,1006.0,16,waning crescent,"6.4, 8.0"
28,18,1006.0,16,new,"8.0, 9.6"
21,15,1012.0,16,new,"8.0, 9.6"
18,11,1011.0,16,waxing crescent,"3.2, 4.8"
19,10,1018.0,16,waxing crescent,"3.2, 4.8"
18,9,1019.0,16,waxing crescent,"3.2, 4.8"
20,7,1020.0,16,waxing crescent,"4.8, 6.4"
23,7,1009.0,16,first quarter,"3.2, 4.8"
17,14,1002.0,16,first quarter,"8.0, 9.6"
16,11,1006.0,16,first quarter,"6.4, 8.0"
17,12,1009.0,16,waxing gibbous,"0.0, 1.6"
19,11,1012.0,16,waxing gibbous,"3.2, 4.8"
19,6,1013.0,16,waxing gibbous,"6.4, 8.0"
18,9,1008.0,16,waxing gibbous,"4.8, 6.4"
18,11,1009.0,16,full,"6.4, 8.0"
22,13,1010.0,16,full,"0.0, 1.6"
21,9,1017.0,16,full,"6.4, 8.0"
24,14,1018.0,16,full,"8.0, 9.6"
25,11,1017.0,16,wwaning gibbous,"3.2, 4.8"
27,14,1015.0,16,wwaning gibbous,"6.4, 8.0"
26,14,1015.0,16,wwaning gibbous,"8.0, 9.6"
26,12,1016.0,16,wwaning gibbous,"6.4, 8.0"
21,11,1017.0,16,last quarter,"6.4, 8.0"
24,11,1016.0,16,last quarter,"11.2, 12.8"
25,12,1014.0,16,last quarter,"3.2, 4.8"
27,14,1009.0,16,last quarter,"3.2, 4.8"
20,12,1015.0,16,waning crescent,"0.0, 1.6"
22,10,1019.0,16,waning crescent,"3.2, 4.8"
26,12,1021.0,16,waning crescent,"6.4, 8.0"
28,12,1021.0,16,waning crescent,"6.4, 8.0"
29,16,1019.0,16,new,"11.2, 12.8"
30,17,1015.0,16,new,"6.4, 8.0"
28,16,1009.0,16,new,"3.2, 4.8"
27,16,1010.0,16,waxing crescent,"3.2, 4.8"
30,16,1013.0,16,waxing crescent,"0.0, 1.6"
33,17,1017.0,16,waxing crescent,"8.0, 9.6"
32,18,1017.0,16,waxing crescent,"6.4, 8.0"
30,19,1015.0,16,first quarter,"1.6, 3.2"
23,17,1020.0,16,first quarter,"0.0, 1.6"
26,17,1018.0,16,waxing gibbous,"8.0, 9.6"
30,15,1014.0,16,waxing gibbous,"1.6, 3.2"
31,18,1013.0,16,waxing gibbous,"0.0, 1.6"
31,17,1011.0,16,waxing gibbous,"4.8, 6.4"
28,18,1004.0,16,waxing gibbous,"8.0, 9.6"
18,14,1006.0,16,full,"6.4, 8.0"
15,13,1008.0,16,full,"6.4, 8.0"
18,13,1009.0,16,full,"3.2, 4.8"
16,14,1002.0,16,wwaning gibbous,"3.2, 4.8"
22,13,1007.0,16,wwaning gibbous,"3.2, 4.8"
28,12,1012.0,16,wwaning gibbous,"6.4, 8.0"
27,15,1016.0,16,wwaning gibbous,"3.2, 4.8"
28,15,1015.0,16,wwaning gibbous,"11.2, 12.8"
29,15,1014.0,16,last quarter,"8.0, 9.6"
30,16,1008.0,16,last quarter,"0.0, 1.6"
19,15,1010.0,16,last quarter,"1.6, 3.2"
22,12,1010.0,15,waning crescent,"4.8, 6.4"
29,16,1011.0,15,waning crescent,"6.4, 8.0"
26,17,1011.0,15,waning crescent,"0.0, 1.6"
25,17,1013.0,15,waning crescent,"9.6, 11.2"
24,13,1016.0,15,new,"0.0, 1.6"
22,14,1016.0,15,new,"3.2, 4.8"
27,13,1016.0,15,new,"6.4, 8.0"
29,14,1016.0,14,waxing crescent,"6.4, 8.0"
30,16,1016.0,14,waxing crescent,"3.2, 4.8"
32,19,1016.0,14,waxing crescent,"4.8, 6.4"
33,19,1015.0,14,waxing crescent,"11.2, 12.8"
30,17,1012.0,14,first quarter,"6.4, 8.0"
24,15,1010.0,14,first quarter,"1.6, 3.2"
18,13,1007.0,14,first quarter,"0.0, 1.6"
21,12,1010.0,14,waxing gibbous,"4.8, 6.4"
21,11,1020.0,14,waxing gibbous,"6.4, 8.0"
24,9,1024.0,14,waxing gibbous,"6.4, 8.0"
28,12,1017.0,14,waxing gibbous,"14.4, 16.0"
28,16,1009.0,14,waxing gibbous,"3.2, 4.8"
25,18,1007.0,14,full,"8.0, 9.6"
21,15,1011.0,14,full,"6.4, 8.0"
20,11,1011.0,14,full,"3.2, 4.8"
21,13,1002.0,14,wwaning gibbous,"3.2, 4.8"
17,14,1003.0,14,wwaning gibbous,"3.2, 4.8"
17,8,1010.0,14,wwaning gibbous,"6.4, 8.0"
19,6,1010.0,14,wwaning gibbous,"3.2, 4.8"
12,10,1005.0,14,wwaning gibbous,"1.6, 3.2"
12,10,1002.0,14,last quarter,"6.4, 8.0"
14,9,1007.0,14,last quarter,"3.2, 4.8"
14,7,1017.0,14,last quarter,"6.4, 8.0"
16,3,1020.0,14,waning crescent,"6.4, 8.0"
13,8,1020.0,14,waning crescent,"4.8, 6.4"
12,8,1018.0,14,waning crescent,< 0.0
13,7,1018.0,14,waning crescent,"3.2, 4.8"
17,7,1018.0,14,new,"3.2, 4.8"
15,7,1018.0,13,new,"4.8, 6.4"
17,11,1021.0,13,waxing crescent,"3.2, 4.8"
13,9,1021.0,13,waxing crescent,"3.2, 4.8"
16,10,1021.0,12,waxing crescent,"4.8, 6.4"
21,8,1019.0,12,waxing crescent,"0.0, 1.6"
17,11,1019.0,12,first quarter,"4.8, 6.4"
18,11,1010.0,12,first quarter,"6.4, 8.0"
18,12,1009.0,12,first quarter,"4.8, 6.4"
16,6,1010.0,12,waxing gibbous,"6.4, 8.0"
16,7,1014.0,12,waxing gibbous,"3.2, 4.8"
14,6,1016.0,12,waxing gibbous,"1.6, 3.2"
16,3,1020.0,12,waxing gibbous,"6.4, 8.0"
19,5,1019.0,12,waxing gibbous,"1.6, 3.2"
15,7,1024.0,12,full,"6.4, 8.0"
18,3,1022.0,12,full,"3.2, 4.8"
21,6,1012.0,12,full,"8.0, 9.6"
22,9,1007.0,12,full,"9.6, 11.2"
19,10,1004.0,12,wwaning gibbous,"6.4, 8.0"
15,13,1003.0,12,wwaning gibbous,"11.2, 12.8"
11,8,1002.0,12,wwaning gibbous,"4.8, 6.4"
11,9,1009.0,12,wwaning gibbous,"6.4, 8.0"
6,5,1015.0,12,last quarter,"3.2, 4.8"
8,4,1019.0,12,last quarter,"4.8, 6.4"
11,4,1024.0,12,last quarter,"3.2, 4.8"
14,2,1026.0,12,waning crescent,"6.4, 8.0"
12,3,1025.0,12,waning crescent,"3.2, 4.8"
11,1,1023.0,12,waning crescent,"0.0, 1.6"
11,2,1028.0,12,waning crescent,"3.2, 4.8"
8,0,1033.0,11,new,"4.8, 6.4"
9,-2,1034.0,11,new,"6.4, 8.0"
12,0,1027.0,11,new,"6.4, 8.0"
12,-1,1018.0,11,waxing crescent,"1.6, 3.2"
8,0,1016.0,11,waxing crescent,"0.0, 1.6"
10,-3,1016.0,11,waxing crescent,"1.6, 3.2"
8,0,1018.0,11,waxing crescent,"1.6, 3.2"
10,-1,1011.0,11,first quarter,"0.0, 1.6"
8,3,1009.0,11,first quarter,"1.6, 3.2"
9,-3,1014.0,11,first quarter,"3.2, 4.8"
7,0,1021.0,11,waxing gibbous,"4.8, 6.4"
6,0,1020.0,11,waxing gibbous,"6.4, 8.0"
8,4,1009.0,10,waxing gibbous,"0.0, 1.6"
9,4,1003.0,10,waxing gibbous,"0.0, 1.6"
5,3,1013.0,10,waxing gibbous,"0.0, 1.6"
10,0,1019.0,10,full,< 0.0
12,2,1017.0,10,full,"6.4, 8.0"
15,3,1010.0,10,full,"6.4, 8.0"
7,3,1016.0,10,wwaning gibbous,"8.0, 9.6"
6,3,1021.0,10,wwaning gibbous,"3.2, 4.8"
4,-1,1028.0,10,wwaning gibbous,"3.2, 4.8"
8,-2,1023.0,10,wwaning gibbous,"3.2, 4.8"
11,0,1020.0,10,wwaning gibbous,"0.0, 1.6"
12,0,1017.0,10,last quarter,"4.8, 6.4"
15,2,1015.0,10,last quarter,"3.2, 4.8"
14,3,1014.0,10,waning crescent,"3.2, 4.8"
16,5,1014.0,10,waning crescent,"3.2, 4.8"
12,4,1014.0,10,waning crescent,"1.6, 3.2"
12,8,1014.0,9,waning crescent,"1.6, 3.2"
15,11,1011.0,9,new,"0.0, 1.6"
13,9,1006.0,9,new,"4.8, 6.4"
8,4,1007.0,9,new,"0.0, 1.6"
13,6,991.0,9,waxing crescent,"4.8, 6.4"
13,9,988.0,9,waxing crescent,"4.8, 6.4"
12,6,992.0,9,waxing crescent,"3.2, 4.8"
10,4,1006.0,9,waxing crescent,"0.0, 1.6"
9,0,997.0,9,waxing crescent,"12.8, 14.4"
15,5,1000.0,9,first quarter,"0.0, 1.6"
17,7,1008.0,9,first quarter,"6.4, 8.0"
15,5,1012.0,9,first quarter,"0.0, 1.6"
8,3,1016.0,9,waxing gibbous,"1.6, 3.2"
7,6,1013.0,9,waxing gibbous,"0.0, 1.6"
11,6,1010.0,9,waxing gibbous,"1.6, 3.2"
12,4,1017.0,9,waxing gibbous,"4.8, 6.4"
9,6,1017.0,9,waxing gibbous,"8.0, 9.6"
7,0,1016.0,9,full,"0.0, 1.6"
6,2,1007.0,9,full,"1.6, 3.2"
8,4,994.0,8,full,"3.2, 4.8"
4,1,996.0,8,wwaning gibbous,"6.4, 8.0"
0,-1,1003.0,8,wwaning gibbous,"3.2, 4.8"
3,-4,1005.0,8,wwaning gibbous,"3.2, 4.8"
0,-4,1004.0,8,wwaning gibbous,"3.2, 4.8"
0,-1,1015.0,8,last quarter,"0.0, 1.6"
0,-2,996.0,8,last quarter,"1.6, 3.2"
-8,-10,1016.0,8,last quarter,< 0.0
-12,-21,1021.0,8,waning crescent,"3.2, 4.8"
-4,-13,1010.0,8,waning crescent,"0.0, 1.6"
-2,-11,1011.0,8,waning crescent,"0.0, 1.6"
-6,-11,1021.0,8,waning crescent,< 0.0
-8,-18,1018.0,8,new,< 0.0
0,-7,1006.0,8,new,"1.6, 3.2"
0,-1,1006.0,8,new,"1.6, 3.2"
1,0,1007.0,8,waxing crescent,< 0.0
4,0,1002.0,8,waxing crescent,"0.0, 1.6"
-1,-4,1011.0,8,waxing crescent,< 0.0
-2,-9,1008.0,8,waxing crescent,"0.0, 1.6"
0,-4,998.0,8,first quarter,"3.2, 4.8"
-2,-3,1008.0,8,first quarter,"0.0, 1.6"
-6,-9,1014.0,8,first quarter,"3.2, 4.8"
-5,-13,1019.0,8,first quarter,< 0.0
-5,-11,1014.0,8,waxing gibbous,"0.0, 1.6"
-9,-14,1005.0,8,waxing gibbous,"0.0, 1.6"
-8,-13,1003.0,8,waxing gibbous,< 0.0
-5,-10,1007.0,8,waxing gibbous,"0.0, 1.6"
2,-6,1003.0,8,full,"3.2, 4.8"
-1,-8,1013.0,8,full,"3.2, 4.8"
2,-3,1012.0,8,full,"1.6, 3.2"
5,0,1007.0,8,wwaning gibbous,"3.2, 4.8"
6,2,999.0,8,wwaning gibbous,"0.0, 1.6"
2,0,1000.0,8,wwaning gibbous,"0.0, 1.6"
-1,-3,1017.0,8,wwaning gibbous,"0.0, 1.6"
-6,-8,1024.0,8,last quarter,"0.0, 1.6"
-5,-8,1023.0,8,last quarter,"1.6, 3.2"
-7,-9,1022.0,8,last quarter,< 0.0
-4,-9,1019.0,8,waning crescent,< 0.0
-1,-9,1016.0,8,waning crescent,"3.2, 4.8"
0,-2,1006.0,8,waning crescent,"3.2, 4.8"
0,-2,1011.0,8,waning crescent,"0.0, 1.6"
-2,-4,1018.0,8,new,"3.2, 4.8"
-4,-6,1022.0,8,new,"1.6, 3.2"
-5,-12,1023.0,8,new,"0.0, 1.6"
0,-14,1017.0,8,waxing crescent,< 0.0
2,-2,1015.0,8,waxing crescent,< 0.0
4,1,1015.0,8,waxing crescent,< 0.0
6,0,1016.0,8,waxing crescent,< 0.0
2,0,1022.0,8,waxing crescent,"1.6, 3.2"
1,-1,1019.0,8,first quarter,"0.0, 1.6"
3,0,1013.0,8,first quarter,< 0.0
1,0,1010.0,8,first quarter,"1.6, 3.2"
4,1,1010.0,8,first quarter,< 0.0
6,3,1011.0,8,waxing gibbous,"0.0, 1.6"
5,1,1026.0,8,waxing gibbous,"0.0, 1.6"
6,2,1025.0,8,waxing gibbous,"0.0, 1.6"
5,-1,1021.0,8,waxing gibbous,"0.0, 1.6"
3,2,1021.0,8,full,< 0.0
0,-1,1021.0,8,full,"1.6, 3.2"
0,-2,1025.0,9,full,"0.0, 1.6"
0,-3,1026.0,9,wwaning gibbous,"0.0, 1.6"
0,-2,1015.0,9,wwaning gibbous,< 0.0
-3,-6,1020.0,9,wwaning gibbous,< 0.0
-2,-10,1011.0,9,wwaning gibbous,< 0.0
-1,-3,1007.0,9,last quarter,"0.0, 1.6"
-1,-6,986.59,9,last quarter,"3.2, 4.8"
-3,-9,997.58,9,waning crescent,"3.2, 4.8"
-6,-9,996.25,9,waning crescent,"1.6, 3.2"
-3,-7,991.59,9,waning crescent,"0.0, 1.6"
-4,-7,994.58,9,waning crescent,"0.0, 1.6"
-4,-9,992.92,9,waning crescent,< 0.0
-3,-7,991.59,9,new,"1.6, 3.2"
1,-4,991.92,9,new,"1.6, 3.2"
2,-3,989.92,9,new,"0.0, 1.6"
6,1,979.92,9,waxing crescent,"4.8, 6.4"
5,1,985.26,9,waxing crescent,"1.6, 3.2"
5,2,986.92,10,waxing crescent,< 0.0
7,-1,982.25,10,waxing crescent,"0.0, 1.6"
3,-2,988.26,10,waxing crescent,< 0.0
1,-3,993.92,10,first quarter,"3.2, 4.8"
3,-1,978.59,10,first quarter,"9.6, 11.2"
1,-5,982.92,10,first quarter,"1.6, 3.2"
-1,-4,991.59,10,waxing gibbous,"0.0, 1.6"
-8,-13,990.59,10,waxing gibbous,"3.2, 4.8"
-9,-12,989.25,10,waxing gibbous,"0.0, 1.6"
-6,-10,986.59,10,waxing gibbous,"0.0, 1.6"
-4,-8,984.25,10,waxing gibbous,"3.2, 4.8"
-3,-6,985.25,10,full,"4.8, 6.4"
-3,-6,986.59,10,full,< 0.0
-5,-7,988.92,10,wwaning gibbous,< 0.0
-7,-10,992.92,10,wwaning gibbous,< 0.0
-9,-12,991.92,11,wwaning gibbous,"1.6, 3.2"
-7,-10,995.59,11,wwaning gibbous,"0.0, 1.6"
-7,-10,1000.92,11,last quarter,< 0.0
-6,-10,1002.58,11,last quarter,< 0.0
-5,-9,999.92,11,last quarter,"0.0, 1.6"
-5,-9,993.25,11,waning crescent,"1.6, 3.2"
-6,-10,999.92,11,waning crescent,"1.6, 3.2"
-3,-10,1006.58,11,waning crescent,"1.6, 3.2"
-2,-10,1008.59,11,waning crescent,"1.6, 3.2"
-6,-9,1006.92,11,waning crescent,"1.6, 3.2"
-2,-9,1000.92,11,new,"4.8, 6.4"
2,-2,987.59,11,new,"4.8, 6.4"
0,-4,988.25,11,new,"0.0, 1.6"
-3,-7,1003.59,11,waxing crescent,"0.0, 1.6"
0,-5,1004.58,11,waxing crescent,"0.0, 1.6"
1,-6,994.25,11,waxing crescent,< 0.0
1,-2,986.59,11,waxing crescent,"1.6, 3.2"
5,-1,984.25,11,waxing crescent,"0.0, 1.6"
10,-2,989.92,11,first quarter,"0.0, 1.6"
14,1,983.92,12,first quarter,"3.2, 4.8"
16,3,985.92,12,first quarter,"6.4, 8.0"
11,5,990.59,12,waxing gibbous,"1.6, 3.2"
7,2,995.25,12,waxing gibbous,"0.0, 1.6"
5,0,987.92,12,waxing gibbous,"0.0, 1.6"
6,0,981.92,12,waxing gibbous,"3.2, 4.8"
2,0,990.59,12,full,"1.6, 3.2"
5,-3,999.58,12,full,"3.2, 4.8"
8,-4,1003.59,13,full,"0.0, 1.6"
11,0,1001.58,13,wwaning gibbous,"0.0, 1.6"
12,3,999.25,13,wwaning gibbous,< 0.0
7,1,993.92,13,wwaning gibbous,< 0.0
7,3,987.59,13,wwaning gibbous,"0.0, 1.6"
4,-4,984.59,13,last quarter,< 0.0
3,-5,992.25,13,last quarter,"0.0, 1.6"
7,-5,987.25,13,last quarter,"0.0, 1.6"
3,1,987.92,13,waning crescent,"0.0, 1.6"
10,0,990.25,13,waning crescent,"3.2, 4.8"
15,2,989.25,13,waning crescent,"0.0, 1.6"
11,5,990.26,13,waning crescent,"3.2, 4.8"
15,2,993.58,13,new,"0.0, 1.6"
16,2,992.59,13,new,"4.8, 6.4"
15,1,988.92,13,new,"4.8, 6.4"
12,4,989.59,13,new,"0.0, 1.6"
14,2,992.25,13,waxing crescent,"0.0, 1.6"
16,7,981.59,13,waxing crescent,"4.8, 6.4"
8,2,974.59,13,waxing crescent,"1.6, 3.2"
5,0,975.25,13,waxing crescent,< 0.0
11,-1,983.92,13,waxing crescent,"3.2, 4.8"
11,-3,986.92,13,first quarter,< 0.0
14,5,975.26,13,first quarter,< 0.0
8,1,977.59,13,waxing gibbous,< 0.0
10,1,979.59,13,waxing gibbous,"6.4, 8.0"
12,0,986.59,13,waxing gibbous,"4.8, 6.4"
15,-1,991.59,13,waxing gibbous,"3.2, 4.8"
14,2,993.25,14,full,"1.6, 3.2"
19,2,992.25,15,full,"3.2, 4.8"
16,3,991.92,15,full,"0.0, 1.6"
17,-1,992.59,15,wwaning gibbous,"8.0, 9.6"
20,2,989.59,15,wwaning gibbous,"6.4, 8.0"
20,2,988.92,15,wwaning gibbous,"6.4, 8.0"
18,3,987.92,15,wwaning gibbous,"3.2, 4.8"
16,7,988.25,15,last quarter,"3.2, 4.8"
19,5,990.26,15,last quarter,"3.2, 4.8"
22,7,990.26,15,last quarter,"0.0, 1.6"
22,7,989.25,15,waning crescent,"0.0, 1.6"
23,7,987.92,15,waning crescent,"4.8, 6.4"
23,6,985.59,15,waning crescent,"1.6, 3.2"
21,6,981.26,15,waning crescent,"3.2, 4.8"
13,6,979.25,15,waning crescent,"0.0, 1.6"
13,0,980.92,15,new,"1.6, 3.2"
14,-2,979.25,15,new,"4.8, 6.4"
12,1,985.26,15,new,"1.6, 3.2"
10,-3,991.92,15,waxing crescent,< 0.0
13,-1,996.59,15,waxing crescent,"3.2, 4.8"
15,-1,996.25,15,waxing crescent,"0.0, 1.6"
16,6,992.92,15,waxing crescent,"11.2, 12.8"
20,3,997.58,15,waxing crescent,"4.8, 6.4"
23,8,996.92,15,first quarter,"4.8, 6.4"
23,4,993.58,15,first quarter,"6.4, 8.0"
24,5,987.25,15,first quarter,"1.6, 3.2"
18,7,984.59,15,waxing gibbous,"0.0, 1.6"
19,4,988.25,15,waxing gibbous,"4.8, 6.4"
18,5,980.92,15,waxing gibbous,"6.4, 8.0"
15,4,987.92,15,waxing gibbous,"8.0, 9.6"
17,1,991.59,15,full,"0.0, 1.6"
21,7,991.59,15,full,"6.4, 8.0"
26,8,990.25,15,wwaning gibbous,"0.0, 1.6"
28,12,988.92,15,wwaning gibbous,"1.6, 3.2"
25,9,988.92,15,wwaning gibbous,"0.0, 1.6"
27,11,990.59,16,wwaning gibbous,"1.6, 3.2"
25,12,990.92,16,wwaning gibbous,"1.6, 3.2"
23,7,994.25,16,last quarter,"4.8, 6.4"
17,5,993.58,16,last quarter,"3.2, 4.8"
20,2,993.59,16,last quarter,"4.8, 6.4"
25,10,984.92,17,waning crescent,"3.2, 4.8"
22,8,984.59,17,waning crescent,"6.4, 8.0"
20,9,985.92,17,waning crescent,"8.0, 9.6"
25,7,992.92,17,waning crescent,"6.4, 8.0"
28,11,990.25,17,waning crescent,"3.2, 4.8"
28,14,987.59,17,new,"0.0, 1.6"
30,13,992.25,17,new,"1.6, 3.2"
26,13,995.59,17,new,"0.0, 1.6"
26,10,993.25,17,waxing crescent,"6.4, 8.0"
27,9,987.59,17,waxing crescent,"3.2, 4.8"
28,12,983.92,17,waxing crescent,"6.4, 8.0"
28,13,981.59,17,waxing crescent,"6.4, 8.0"
28,15,978.25,17,first quarter,"3.2, 4.8"
25,14,976.92,17,first quarter,"0.0, 1.6"
16,12,979.59,17,first quarter,"4.8, 6.4"
18,9,982.92,17,waxing gibbous,< 0.0
19,12,985.92,17,waxing gibbous,"6.4, 8.0"
22,9,986.59,17,waxing gibbous,"11.2, 12.8"
24,9,985.92,17,waxing gibbous,"3.2, 4.8"
24,10,987.25,17,full,"1.6, 3.2"
25,12,986.59,17,full,"1.6, 3.2"
26,13,984.25,17,full,< 0.0
25,11,980.25,17,wwaning gibbous,"6.4, 8.0"
20,11,978.59,17,wwaning gibbous,< 0.0
15,8,981.92,17,wwaning gibbous,"0.0, 1.6"
21,7,986.26,17,wwaning gibbous,< 0.0
25,9,987.92,17,last quarter,"8.0, 9.6"
23,12,985.92,17,last quarter,"4.8, 6.4"
20,11,985.92,17,last quarter,"8.0, 9.6"
17,7,988.59,17,last quarter,"3.2, 4.8"
16,8,990.25,17,waning crescent,"4.8, 6.4"
20,7,988.92,17,waning crescent,"6.4, 8.0"
21,10,985.92,17,waning crescent,"3.2, 4.8"
25,12,984.92,17,waning crescent,"6.4, 8.0"
26,10,983.92,17,new,"0.0, 1.6"
21,12,988.92,17,new,"4.8, 6.4"
27,13,989.25,17,new,"0.0, 1.6"
26,15,990.59,17,waxing crescent,"3.2, 4.8"
21,10,993.25,17,waxing crescent,"0.0, 1.6"
20,10,979.25,17,waxing crescent,< 0.0
20,14,974.59,17,waxing crescent,"0.0, 1.6"
23,14,980.25,17,first quarter,"0.0, 1.6"
28,10,983.25,17,first quarter,"1.6, 3.2"
26,14,989.26,17,first quarter,"4.8, 6.4"
30,11,988.59,17,waxing gibbous,"3.2, 4.8"
29,12,984.92,17,waxing gibbous,"1.6, 3.2"
22,13,988.92,17,waxing gibbous,"4.8, 6.4"
25,9,986.59,17,waxing gibbous,"1.6, 3.2"
30,16,983.92,16,full,"4.8, 6.4"
27,17,985.92,16,full,"1.6, 3.2"
23,11,984.92,16,full,"0.0, 1.6"
27,10,981.59,16,wwaning gibbous,"4.8, 6.4"
28,15,978.26,16,wwaning gibbous,"3.2, 4.8"
27,13,979.59,16,wwaning gibbous,"3.2, 4.8"
30,18,972.25,16,wwaning gibbous,"3.2, 4.8"
24,14,969.25,16,wwaning gibbous,"3.2, 4.8"
19,12,971.25,16,last quarter,< 0.0
19,10,978.59,16,last quarter,"0.0, 1.6"
24,9,979.92,15,last quarter,"3.2, 4.8"
24,13,977.92,15,waning crescent,"0.0, 1.6"
25,11,982.59,15,waning crescent,"0.0, 1.6"
24,13,984.25,15,waning crescent,"3.2, 4.8"
23,10,986.25,15,waning crescent,"3.2, 4.8"
24,10,982.59,15,waning crescent,"6.4, 8.0"
18,14,978.25,15,new,"0.0, 1.6"
20,13,976.59,15,new,"3.2, 4.8"
23,13,980.59,15,new,"0.0, 1.6"
24,11,985.92,15,waxing crescent,"1.6, 3.2"
22,8,990.26,15,waxing crescent,"4.8, 6.4"
23,7,989.25,15,waxing crescent,"1.6, 3.2"
24,6,987.59,15,waxing crescent,"1.6, 3.2"
25,9,984.59,15,first quarter,"6.4, 8.0"
28,15,979.59,15,first quarter,"3.2, 4.8"
25,16,978.92,15,waxing gibbous,"4.8, 6.4"
22,13,982.92,15,waxing gibbous,"3.2, 4.8"
19,8,985.25,15,waxing gibbous,"3.2, 4.8"
20,6,987.59,15,waxing gibbous,"1.6, 3.2"
26,13,983.92,15,waxing gibbous,"3.2, 4.8"
26,14,981.25,15,full,"0.0, 1.6"
25,11,982.26,15,full,"0.0, 1.6"
27,11,983.59,15,full,"3.2, 4.8"
24,14,986.92,15,wwaning gibbous,"3.2, 4.8"
25,10,988.92,15,wwaning gibbous,"3.2, 4.8"
26,10,989.25,15,wwaning gibbous,"3.2, 4.8"
29,11,986.59,15,wwaning gibbous,"3.2, 4.8"
19,11,988.92,15,wwaning gibbous,"6.4, 8.0"
23,9,992.59,15,last quarter,"6.4, 8.0"
26,9,988.59,15,last quarter,"6.4, 8.0"
24,13,990.92,15,last quarter,"3.2, 4.8"
26,13,989.59,14,waning crescent,"9.6, 11.2"
27,12,988.59,14,waning crescent,"3.2, 4.8"
27,15,988.59,13,waning crescent,"6.4, 8.0"
31,16,986.26,13,waning crescent,"3.2, 4.8"
22,14,989.59,13,new,"6.4, 8.0"
24,12,985.92,13,new,"4.8, 6.4"
22,10,984.25,13,new,"1.6, 3.2"
20,8,985.59,13,waxing crescent,"3.2, 4.8"
21,5,985.92,13,waxing crescent,"3.2, 4.8"
21,6,985.59,13,waxing crescent,"0.0, 1.6"
21,7,988.25,13,waxing crescent,"8.0, 9.6"
23,7,989.25,13,first quarter,"6.4, 8.0"
24,11,986.59,13,first quarter,"3.2, 4.8"
22,10,988.92,13,first quarter,"3.2, 4.8"
22,9,982.92,13,waxing gibbous,"3.2, 4.8"
15,10,976.92,13,waxing gibbous,"6.4, 8.0"
14,6,979.59,13,waxing gibbous,"0.0, 1.6"
18,5,986.25,13,waxing gibbous,"6.4, 8.0"
24,8,986.59,13,full,"3.2, 4.8"
26,13,982.59,13,full,"1.6, 3.2"
23,10,983.92,13,full,"8.0, 9.6"
21,9,983.92,13,full,"6.4, 8.0"
20,7,988.25,13,wwaning gibbous,"6.4, 8.0"
18,4,989.59,13,wwaning gibbous,"11.2, 12.8"
18,2,989.92,13,wwaning gibbous,"4.8, 6.4"
23,7,983.92,13,wwaning gibbous,"0.0, 1.6"
27,12,981.59,13,last quarter,"3.2, 4.8"
21,10,988.25,13,last quarter,"3.2, 4.8"
22,12,991.59,13,last quarter,"4.8, 6.4"
21,8,987.25,12,last quarter,"4.8, 6.4"
18,8,987.59,12,waning crescent,"6.4, 8.0"
17,4,989.92,12,waning crescent,"11.2, 12.8"
20,4,994.58,12,waning crescent,"4.8, 6.4"
21,6,995.92,12,waning crescent,"8.0, 9.6"
23,7,997.25,12,new,"4.8, 6.4"
17,7,998.92,12,new,"3.2, 4.8"
20,8,995.92,12,waxing crescent,"3.2, 4.8"
21,8,996.25,12,waxing crescent,"6.4, 8.0"
22,9,994.58,11,waxing crescent,"4.8, 6.4"
17,6,995.25,11,waxing crescent,"6.4, 8.0"
21,5,991.25,11,first quarter,"0.0, 1.6"
23,12,987.59,11,first quarter,"6.4, 8.0"
18,10,987.59,11,first quarter,"3.2, 4.8"
18,10,985.59,11,waxing gibbous,"3.2, 4.8"
13,7,977.92,11,waxing gibbous,"11.2, 12.8"
12,4,975.92,11,waxing gibbous,"1.6, 3.2"
9,1,983.59,11,waxing gibbous,"0.0, 1.6"
11,2,985.92,11,waxing gibbous,"1.6, 3.2"
15,8,978.59,11,full,"0.0, 1.6"
11,6,980.92,11,full,"3.2, 4.8"
11,2,987.25,11,full,"0.0, 1.6"
7,1,997.58,11,wwaning gibbous,"4.8, 6.4"
6,-3,1000.92,11,wwaning gibbous,"0.0, 1.6"
7,-3,1004.58,11,wwaning gibbous,"1.6, 3.2"
7,-3,998.92,11,wwaning gibbous,< 0.0
9,-2,990.59,11,wwaning gibbous,"6.4, 8.0"
12,4,985.92,10,last quarter,"3.2, 4.8"
7,4,989.92,10,last quarter,"3.2, 4.8"
9,-1,997.59,10,last quarter,"0.0, 1.6"
8,-2,1000.92,10,waning crescent,"6.4, 8.0"
9,-2,998.91,10,waning crescent,< 0.0
9,0,998.58,10,waning crescent,"6.4, 8.0"
10,1,996.59,10,waning crescent,"3.2, 4.8"
8,1,995.58,10,new,"4.8, 6.4"
7,0,997.25,10,new,"3.2, 4.8"
9,-1,998.25,10,new,"6.4, 8.0"
8,-1,998.25,10,waxing crescent,"1.6, 3.2"
12,2,995.25,10,waxing crescent,"4.8, 6.4"
9,2,992.59,10,waxing crescent,"6.4, 8.0"
8,4,993.25,10,waxing crescent,"3.2, 4.8"
12,3,994.58,10,first quarter,< 0.0
9,1,992.59,10,first quarter,"1.6, 3.2"
8,-1,992.92,10,first quarter,"1.6, 3.2"
9,-2,994.58,9,waxing gibbous,"8.0, 9.6"
12,3,993.58,9,waxing gibbous,"0.0, 1.6"
9,1,997.25,9,waxing gibbous,"3.2, 4.8"
10,-1,995.92,9,waxing gibbous,"0.0, 1.6"
6,0,994.58,9,waxing gibbous,"3.2, 4.8"
3,-3,999.25,9,full,"6.4, 8.0"
1,-4,1006.59,9,full,"0.0, 1.6"
2,-5,1008.59,9,full,"0.0, 1.6"
0,-1,1009.91,9,wwaning gibbous,"0.0, 1.6"
2,-4,998.92,9,wwaning gibbous,"1.6, 3.2"
3,-4,995.25,9,wwaning gibbous,"0.0, 1.6"
2,-2,997.58,9,wwaning gibbous,"0.0, 1.6"
1,-4,995.58,9,wwaning gibbous,"3.2, 4.8"
2,-4,993.25,9,last quarter,"3.2, 4.8"
0,-4,993.58,9,last quarter,"0.0, 1.6"
2,-2,994.58,9,last quarter,"3.2, 4.8"
2,-3,994.25,9,waning crescent,"1.6, 3.2"
2,-4,994.92,9,waning crescent,"6.4, 8.0"
2,-3,1001.25,9,waning crescent,"3.2, 4.8"
1,-4,1002.58,9,new,"6.4, 8.0"
3,-2,998.25,9,new,"4.8, 6.4"
2,-1,992.59,8,new,"4.8, 6.4"
6,1,987.25,8,waxing crescent,"3.2, 4.8"
7,1,988.25,8,waxing crescent,"1.6, 3.2"
5,-2,996.58,8,waxing crescent,"6.4, 8.0"
4,-2,993.58,8,waxing crescent,"0.0, 1.6"
3,0,995.25,8,first quarter,"1.6, 3.2"
5,0,985.59,8,first quarter,"1.6, 3.2"
3,0,984.59,8,first quarter,"3.2, 4.8"
7,1,973.59,8,first quarter,"0.0, 1.6"
7,2,965.92,8,waxing gibbous,"3.2, 4.8"
4,0,975.92,8,waxing gibbous,"3.2, 4.8"
3,-2,974.59,8,waxing gibbous,"1.6, 3.2"
4,0,977.59,8,waxing gibbous,"9.6, 11.2"
5,-2,983.25,8,waxing gibbous,"3.2, 4.8"
3,-1,981.59,8,full,"8.0, 9.6"
2,-3,988.59,8,full,"0.0, 1.6"
3,-2,987.92,8,full,"1.6, 3.2"
3,0,983.92,8,wwaning gibbous,"3.2, 4.8"
6,1,982.92,8,wwaning gibbous,"6.4, 8.0"
5,1,982.59,8,wwaning gibbous,"4.8, 6.4"
5,0,971.92,8,wwaning gibbous,"4.8, 6.4"
5,1,956.59,8,last quarter,"6.4, 8.0"
3,0,971.92,7,last quarter,"3.2, 4.8"
3,-3,987.59,7,last quarter,"6.4, 8.0"
0,-2,983.59,7,waning crescent,"3.2, 4.8"
-1,-4,981.92,7,waning crescent,"0.0, 1.6"
-3,-7,989.92,7,waning crescent,< 0.0
-3,-8,991.92,7,waning crescent,< 0.0
1,-4,985.25,7,new,"3.2, 4.8"
2,-1,994.25,7,new,< 0.0
4,0,999.25,7,new,"3.2, 4.8"
6,3,1000.59,7,waxing crescent,"4.8, 6.4"
4,2,999.59,7,waxing crescent,"1.6, 3.2"
2,-1,986.25,7,waxing crescent,"3.2, 4.8"
2,-2,977.59,8,waxing crescent,"3.2, 4.8"
1,-1,980.59,8,first quarter,"4.8, 6.4"
1,-5,987.25,8,first quarter,"1.6, 3.2"
5,0,982.59,8,first quarter,"0.0, 1.6"
6,0,986.59,8,waxing gibbous,"0.0, 1.6"
5,2,978.59,8,waxing gibbous,"4.8, 6.4"
3,-1,965.92,8,waxing gibbous,"6.4, 8.0"
3,1,958.25,8,waxing gibbous,"0.0, 1.6"
2,-3,977.59,8,waxing gibbous,"1.6, 3.2"
2,0,975.92,8,full,< 0.0
2,-2,984.59,8,full,"1.6, 3.2"
1,-3,991.92,8,full,"1.6, 3.2"
3,-2,995.58,8,wwaning gibbous,"0.0, 1.6"
6,1,987.59,9,wwaning gibbous,"1.6, 3.2"
4,-2,975.59,9,wwaning gibbous,"3.2, 4.8"
0,-2,974.59,9,wwaning gibbous,"1.6, 3.2"
-1,-5,982.59,9,wwaning gibbous,"0.0, 1.6"
-4,-7,989.92,9,last quarter,"0.0, 1.6"
-4,-6,991.25,9,last quarter,< 0.0
-1,-8,995.58,9,waning crescent,"0.0, 1.6"
1,-3,982.59,9,waning crescent,"1.6, 3.2"
1,-2,973.25,9,waning crescent,"4.8, 6.4"
0,-2,978.59,9,waning crescent,"4.8, 6.4"
1,-2,966.26,9,new,"0.0, 1.6"
1,-3,975.59,9,new,"3.2, 4.8"
-1,-3,984.25,9,new,"0.0, 1.6"
-2,-4,992.59,9,waxing crescent,"1.6, 3.2"
-3,-8,996.58,9,waxing crescent,"0.0, 1.6"
-8,-10,1002.58,9,waxing crescent,"0.0, 1.6"
-7,-12,1005.25,9,waxing crescent,"1.6, 3.2"
-10,-15,1007.59,9,waxing crescent,< 0.0
-11,-16,1010.25,9,first quarter,"1.6, 3.2"
-13,-16,1007.58,9,first quarter,"0.0, 1.6"
-14,-18,1003.92,9,first quarter,< 0.0
-16,-20,1001.91,9,waxing gibbous,"3.2, 4.8"
-16,-21,1002.91,9,waxing gibbous,< 0.0
-16,-22,1003.25,9,waxing gibbous,"0.0, 1.6"
-14,-18,1002.25,9,waxing gibbous,< 0.0
-10,-18,1000.92,9,waxing gibbous,"3.2, 4.8"
-8,-13,1002.25,10,full,< 0.0
-9,-15,1005.58,10,full,< 0.0
-8,-12,1001.25,10,full,"4.8, 6.4"
-10,-15,1004.59,10,wwaning gibbous,"1.6, 3.2"
-10,-16,1001.92,10,wwaning gibbous,"1.6, 3.2"
-10,-17,997.58,10,wwaning gibbous,< 0.0
-7,-14,987.59,10,wwaning gibbous,"1.6, 3.2"
-7,-14,982.59,10,last quarter,< 0.0
-4,-10,960.59,10,last quarter,"3.2, 4.8"
-5,-9,974.25,10,last quarter,"1.6, 3.2"
-2,-10,981.92,10,waning crescent,"0.0, 1.6"
-1,-4,983.59,10,waning crescent,"0.0, 1.6"
1,-6,983.59,10,waning crescent,< 0.0
-1,-4,994.92,10,waning crescent,"0.0, 1.6"
0,-7,998.25,10,new,"3.2, 4.8"
1,-2,994.92,11,new,< 0.0
2,-1,981.92,11,new,"0.0, 1.6"
5,1,977.92,11,waxing crescent,"0.0, 1.6"
5,1,974.59,11,waxing crescent,"0.0, 1.6"
2,-3,976.59,11,waxing crescent,"0.0, 1.6"
1,-4,986.25,11,waxing crescent,"0.0, 1.6"
2,-6,985.92,11,waxing crescent,"3.2, 4.8"
3,-2,982.25,11,first quarter,"3.2, 4.8"
5,-2,989.92,11,first quarter,"0.0, 1.6"
6,-2,986.25,11,first quarter,"0.0, 1.6"
3,-2,988.92,11,waxing gibbous,"0.0, 1.6"
3,-4,993.58,11,waxing gibbous,"0.0, 1.6"
1,-5,992.25,11,waxing gibbous,"0.0, 1.6"
-1,-6,994.59,11,waxing gibbous,"0.0, 1.6"
0,-7,998.59,11,waxing gibbous,"1.6, 3.2"
3,-7,991.92,11,full,"6.4, 8.0"
5,-5,999.25,11,full,"3.2, 4.8"
5,-3,998.91,11,wwaning gibbous,"0.0, 1.6"
5,0,984.59,11,wwaning gibbous,< 0.0
7,-3,986.59,12,wwaning gibbous,"1.6, 3.2"
10,-2,989.92,12,wwaning gibbous,< 0.0
8,-1,990.59,12,last quarter,"0.0, 1.6"
5,-4,995.92,12,last quarter,< 0.0
13,-2,993.59,12,last quarter,"0.0, 1.6"
17,-1,989.92,12,waning crescent,"1.6, 3.2"
18,1,984.92,12,waning crescent,"3.2, 4.8"
12,2,984.25,12,waning crescent,"1.6, 3.2"
11,-3,997.91,12,waning crescent,"0.0, 1.6"
11,6,998.58,13,waning crescent,"1.6, 3.2"
13,4,1000.92,13,new,"0.0, 1.6"
16,1,997.25,13,new,"3.2, 4.8"
13,0,996.25,13,new,"0.0, 1.6"
14,0,990.25,13,waxing crescent,< 0.0
9,-2,997.25,13,waxing crescent,< 0.0
13,1,989.92,13,waxing crescent,"3.2, 4.8"
17,-1,987.59,13,waxing crescent,"3.2, 4.8"
11,4,972.92,13,waxing crescent,"4.8, 6.4"
8,1,968.92,13,first quarter,"0.0, 1.6"
9,0,960.92,13,first quarter,"6.4, 8.0"
6,-2,972.92,13,first quarter,< 0.0
7,-1,972.59,13,waxing gibbous,< 0.0
9,-2,979.59,13,waxing gibbous,"4.8, 6.4"
20,1,975.92,13,waxing gibbous,"3.2, 4.8"
10,5,978.92,13,waxing gibbous,< 0.0
7,1,979.92,13,full,"3.2, 4.8"
12,-1,969.92,13,full,< 0.0
8,-2,968.92,13,full,< 0.0
6,-5,979.25,13,wwaning gibbous,"3.2, 4.8"
11,-4,981.92,13,wwaning gibbous,"0.0, 1.6"
16,-2,975.59,13,wwaning gibbous,"3.2, 4.8"
17,4,970.92,13,wwaning gibbous,"0.0, 1.6"
15,5,971.92,13,last quarter,< 0.0
14,3,972.92,13,last quarter,"1.6, 3.2"
15,7,967.59,13,waning crescent,< 0.0
16,5,966.59,13,waning crescent,< 0.0
11,2,980.25,15,waning crescent,"1.6, 3.2"
13,-1,975.59,15,waning crescent,"1.6, 3.2"
12,6,963.59,15,waning crescent,"3.2, 4.8"
17,4,966.26,15,new,"4.8, 6.4"
19,5,972.59,15,new,"3.2, 4.8"
19,7,975.59,15,new,"3.2, 4.8"
15,8,977.59,15,waxing crescent,< 0.0
19,6,975.25,15,waxing crescent,"3.2, 4.8"
17,8,977.25,15,waxing crescent,"0.0, 1.6"
20,5,987.59,15,waxing crescent,"1.6, 3.2"
23,7,990.59,15,waxing crescent,"4.8, 6.4"
26,10,993.58,15,first quarter,"1.6, 3.2"
28,9,991.59,15,first quarter,"8.0, 9.6"
28,11,987.59,15,first quarter,"3.2, 4.8"
29,12,988.92,15,waxing gibbous,"4.8, 6.4"
27,10,986.59,15,waxing gibbous,"6.4, 8.0"
26,11,979.92,15,waxing gibbous,"4.8, 6.4"
25,11,974.59,15,waxing gibbous,"3.2, 4.8"
22,10,976.59,15,full,"0.0, 1.6"
21,9,979.25,15,full,"4.8, 6.4"
16,5,984.25,15,full,"0.0, 1.6"
18,4,988.92,15,wwaning gibbous,"0.0, 1.6"
20,4,992.92,15,wwaning gibbous,"1.6, 3.2"
24,7,995.59,15,wwaning gibbous,"3.2, 4.8"
27,11,993.25,15,wwaning gibbous,"0.0, 1.6"
20,6,989.59,15,last quarter,"6.4, 8.0"
14,5,993.58,15,last quarter,"3.2, 4.8"
16,1,991.92,15,last quarter,"4.8, 6.4"
17,5,983.25,15,waning crescent,"0.0, 1.6"
16,5,975.25,15,waning crescent,"3.2, 4.8"
12,5,980.92,15,waning crescent,"6.4, 8.0"
14,0,991.25,15,waning crescent,"0.0, 1.6"
21,4,990.92,15,waning crescent,"3.2, 4.8"
24,8,987.59,15,new,"8.0, 9.6"
26,13,984.59,16,new,"4.8, 6.4"
26,13,982.92,16,new,"4.8, 6.4"
27,11,984.25,16,waxing crescent,"1.6, 3.2"
20,12,986.92,16,waxing crescent,"0.0, 1.6"
18,5,993.91,16,waxing crescent,"1.6, 3.2"
19,5,992.25,17,waxing crescent,"3.2, 4.8"
21,7,988.92,17,waxing crescent,"1.6, 3.2"
22,9,983.59,17,first quarter,"0.0, 1.6"
23,10,978.92,17,first quarter,"3.2, 4.8"
17,9,982.92,17,first quarter,"1.6, 3.2"
19,8,984.92,17,waxing gibbous,"6.4, 8.0"
19,7,976.25,17,waxing gibbous,"6.4, 8.0"
15,4,980.92,17,waxing gibbous,"0.0, 1.6"
19,4,979.92,17,waxing gibbous,"3.2, 4.8"
21,11,973.59,17,full,"1.6, 3.2"
19,12,974.25,17,full,"6.4, 8.0"
20,10,980.59,17,wwaning gibbous,"0.0, 1.6"
23,11,979.25,17,wwaning gibbous,"0.0, 1.6"
25,11,978.25,17,wwaning gibbous,"6.4, 8.0"
26,15,983.25,17,wwaning gibbous,"3.2, 4.8"
24,12,981.59,17,last quarter,"3.2, 4.8"
22,15,973.25,17,last quarter,"0.0, 1.6"
22,11,971.25,17,last quarter,"3.2, 4.8"
19,14,969.92,17,last quarter,"0.0, 1.6"
21,12,977.92,17,waning crescent,"3.2, 4.8"
19,10,988.25,17,waning crescent,"1.6, 3.2"
26,9,991.92,17,waning crescent,"4.8, 6.4"
29,16,991.25,17,waning crescent,"3.2, 4.8"
27,15,994.25,17,waning crescent,"3.2, 4.8"
30,17,989.25,17,new,"4.8, 6.4"
27,12,988.25,17,new,"1.6, 3.2"
30,17,981.59,17,new,"0.0, 1.6"
26,16,982.92,17,waxing crescent,"1.6, 3.2"
24,12,991.59,17,waxing crescent,"1.6, 3.2"
25,11,990.59,17,waxing crescent,"4.8, 6.4"
20,12,981.26,17,waxing crescent,"3.2, 4.8"
19,9,981.25,17,first quarter,"0.0, 1.6"
20,7,985.92,17,first quarter,"0.0, 1.6"
21,9,984.59,17,first quarter,"0.0, 1.6"
24,12,987.59,17,waxing gibbous,"8.0, 9.6"
29,12,988.25,17,waxing gibbous,"3.2, 4.8"
32,17,989.59,17,waxing gibbous,"6.4, 8.0"
33,20,989.92,17,waxing gibbous,"0.0, 1.6"
31,18,989.59,17,full,"1.6, 3.2"
31,18,985.59,17,full,"6.4, 8.0"
31,17,985.59,17,full,"3.2, 4.8"
31,18,984.92,17,wwaning gibbous,"6.4, 8.0"
31,19,983.92,17,wwaning gibbous,"1.6, 3.2"
28,19,981.92,17,wwaning gibbous,"4.8, 6.4"
27,18,983.25,17,wwaning gibbous,"4.8, 6.4"
28,16,984.92,17,last quarter,"0.0, 1.6"
28,15,984.59,17,last quarter,"1.6, 3.2"
25,14,981.25,17,last quarter,"3.2, 4.8"
21,9,984.59,16,waning crescent,"3.2, 4.8"
26,12,977.92,16,waning crescent,"3.2, 4.8"
22,12,981.59,16,waning crescent,"3.2, 4.8"
21,12,985.59,16,waning crescent,"3.2, 4.8"
19,7,986.25,16,waning crescent,"3.2, 4.8"
21,9,984.25,16,new,"0.0, 1.6"
27,11,978.59,16,new,"3.2, 4.8"
22,11,981.59,16,new,"6.4, 8.0"
22,13,986.26,16,waxing crescent,"1.6, 3.2"
20,9,991.25,16,waxing crescent,"8.0, 9.6"
23,9,999.25,15,waxing crescent,"6.4, 8.0"
25,11,998.92,15,waxing crescent,"3.2, 4.8"
27,11,993.25,15,first quarter,"0.0, 1.6"
31,15,988.25,15,first quarter,"0.0, 1.6"
31,16,986.59,15,first quarter,"0.0, 1.6"
31,18,983.25,15,waxing gibbous,"8.0, 9.6"
30,18,981.92,15,waxing gibbous,"6.4, 8.0"
26,17,983.92,15,waxing gibbous,"6.4, 8.0"
26,13,989.92,15,waxing gibbous,"3.2, 4.8"
27,15,990.26,15,full,"3.2, 4.8"
28,14,990.59,15,full,"6.4, 8.0"
30,16,986.92,15,full,"8.0, 9.6"
29,17,981.92,15,wwaning gibbous,"6.4, 8.0"
29,16,986.92,15,wwaning gibbous,"6.4, 8.0"
33,17,984.25,15,wwaning gibbous,"3.2, 4.8"
24,14,984.92,15,wwaning gibbous,"1.6, 3.2"
23,12,990.26,15,wwaning gibbous,"3.2, 4.8"
22,10,991.25,15,last quarter,"3.2, 4.8"
21,11,988.59,15,last quarter,"3.2, 4.8"
19,11,988.59,15,last quarter,"1.6, 3.2"
20,8,987.59,15,waning crescent,"4.8, 6.4"
19,9,985.25,15,waning crescent,"6.4, 8.0"
14,12,977.92,15,waning crescent,"0.0, 1.6"
21,12,980.25,15,waning crescent,"0.0, 1.6"
22,10,985.59,15,waning crescent,"0.0, 1.6"
22,10,990.26,15,new,"1.6, 3.2"
23,11,993.58,15,new,"1.6, 3.2"
26,12,994.92,15,new,"1.6, 3.2"
31,14,989.59,15,waxing crescent,"1.6, 3.2"
29,18,986.92,15,waxing crescent,"3.2, 4.8"
29,18,983.59,15,waxing crescent,"1.6, 3.2"
24,14,986.26,14,waxing crescent,"3.2, 4.8"
28,15,982.92,14,first quarter,"1.6, 3.2"
27,18,980.92,14,first quarter,< 0.0
27,15,980.92,13,waxing gibbous,"3.2, 4.8"
21,13,981.92,13,waxing gibbous,"3.2, 4.8"
20,7,991.25,13,waxing gibbous,"6.4, 8.0"
22,8,991.59,13,waxing gibbous,"0.0, 1.6"
23,10,991.92,13,waxing gibbous,"4.8, 6.4"
24,9,988.25,13,full,"4.8, 6.4"
28,12,987.59,13,full,"1.6, 3.2"
28,17,990.92,13,full,"4.8, 6.4"
26,13,992.92,13,wwaning gibbous,"4.8, 6.4"
23,12,992.92,13,wwaning gibbous,"3.2, 4.8"
25,12,990.59,13,wwaning gibbous,< 0.0
19,9,987.92,13,wwaning gibbous,"4.8, 6.4"
17,7,988.92,13,last quarter,"3.2, 4.8"
19,7,987.59,13,last quarter,"6.4, 8.0"
19,10,990.25,13,last quarter,"0.0, 1.6"
22,6,992.92,13,last quarter,"3.2, 4.8"
27,9,987.92,13,waning crescent,"0.0, 1.6"
27,13,980.59,13,waning crescent,"3.2, 4.8"
17,10,976.59,13,waning crescent,"1.6, 3.2"
19,10,981.92,13,waning crescent,"6.4, 8.0"
18,8,980.59,13,new,"4.8, 6.4"
19,6,989.26,13,new,"3.2, 4.8"
20,6,988.92,13,new,"6.4, 8.0"
24,9,985.92,13,waxing crescent,"4.8, 6.4"
24,11,980.92,13,waxing crescent,"1.6, 3.2"
13,8,988.59,13,waxing crescent,"4.8, 6.4"
16,5,992.92,12,waxing crescent,"3.2, 4.8"
17,4,984.25,12,first quarter,"1.6, 3.2"
14,5,986.26,12,first quarter,"3.2, 4.8"
18,3,981.59,12,first quarter,"1.6, 3.2"
20,11,974.92,12,waxing gibbous,"3.2, 4.8"
24,8,980.25,12,waxing gibbous,"4.8, 6.4"
26,13,979.92,12,waxing gibbous,"3.2, 4.8"
18,11,987.59,12,waxing gibbous,"3.2, 4.8"
21,7,989.92,12,full,"1.6, 3.2"
17,9,989.92,11,full,"1.6, 3.2"
17,5,992.25,11,full,"3.2, 4.8"
20,10,987.59,11,wwaning gibbous,"3.2, 4.8"
15,9,985.25,11,wwaning gibbous,"3.2, 4.8"
20,7,985.26,11,wwaning gibbous,"1.6, 3.2"
15,7,985.25,11,wwaning gibbous,"3.2, 4.8"
21,11,982.92,11,wwaning gibbous,"0.0, 1.6"
13,7,981.92,11,last quarter,"3.2, 4.8"
11,4,983.59,11,last quarter,"4.8, 6.4"
13,2,978.25,11,last quarter,"1.6, 3.2"
11,3,980.25,11,waning crescent,"0.0, 1.6"
11,2,982.92,11,waning crescent,"6.4, 8.0"
11,-1,985.92,11,waning crescent,"6.4, 8.0"
13,1,985.25,11,waning crescent,"6.4, 8.0"
15,3,980.92,11,waning crescent,"1.6, 3.2"
18,6,979.59,11,new,"8.0, 9.6"
20,7,981.25,11,new,"6.4, 8.0"
14,7,986.59,11,waxing crescent,"3.2, 4.8"
17,4,993.58,10,waxing crescent,"1.6, 3.2"
17,4,993.25,10,waxing crescent,"1.6, 3.2"
17,4,991.59,10,waxing crescent,"3.2, 4.8"
17,4,991.25,10,first quarter,"6.4, 8.0"
16,6,993.25,10,first quarter,"1.6, 3.2"
11,6,995.25,10,first quarter,"1.6, 3.2"
9,2,992.25,10,waxing gibbous,< 0.0
11,0,980.26,10,waxing gibbous,"0.0, 1.6"
7,1,977.92,10,waxing gibbous,"4.8, 6.4"
8,0,966.92,10,waxing gibbous,"4.8, 6.4"
2,-2,972.25,10,waxing gibbous,"0.0, 1.6"
3,-4,982.92,10,full,"3.2, 4.8"
1,-3,975.59,10,full,"1.6, 3.2"
6,-1,980.92,10,full,"1.6, 3.2"
9,-2,976.92,10,wwaning gibbous,"0.0, 1.6"
11,5,972.92,10,wwaning gibbous,"3.2, 4.8"
11,2,979.92,10,wwaning gibbous,"3.2, 4.8"
12,5,979.25,10,wwaning gibbous,"0.0, 1.6"
11,5,968.25,9,wwaning gibbous,< 0.0
7,1,975.59,9,last quarter,"3.2, 4.8"
6,0,981.92,9,last quarter,"3.2, 4.8"
8,3,986.25,9,last quarter,"3.2, 4.8"
8,4,985.25,9,waning crescent,"1.6, 3.2"
10,0,990.59,9,waning crescent,"0.0, 1.6"
12,4,986.26,9,waning crescent,< 0.0
10,6,991.92,9,waning crescent,"3.2, 4.8"
7,1,1000.25,9,new,"0.0, 1.6"
5,-2,1004.92,9,new,"3.2, 4.8"
7,-2,996.58,9,new,"1.6, 3.2"
6,-2,994.58,9,waxing crescent,"1.6, 3.2"
6,-2,990.92,9,waxing crescent,"0.0, 1.6"
7,-1,986.59,9,waxing crescent,< 0.0
7,-1,990.59,9,waxing crescent,< 0.0
7,-1,994.92,9,first quarter,"1.6, 3.2"
5,-2,995.58,9,first quarter,"1.6, 3.2"
7,-1,994.92,9,first quarter,"3.2, 4.8"
6,0,994.58,9,waxing gibbous,"6.4, 8.0"
7,-1,992.25,9,waxing gibbous,< 0.0
8,1,989.59,8,waxing gibbous,"3.2, 4.8"
8,1,985.92,8,waxing gibbous,"0.0, 1.6"
9,2,980.25,8,full,"1.6, 3.2"
10,4,975.92,8,full,"3.2, 4.8"
12,4,963.92,8,full,"3.2, 4.8"
5,1,967.92,8,full,"0.0, 1.6"
3,-2,981.59,8,wwaning gibbous,"1.6, 3.2"
2,-3,982.92,8,wwaning gibbous,"3.2, 4.8"
1,-2,973.92,8,wwaning gibbous,"3.2, 4.8"
0,-5,971.92,8,wwaning gibbous,"0.0, 1.6"
1,-5,967.59,8,wwaning gibbous,< 0.0
-2,-7,976.25,8,last quarter,"1.6, 3.2"
-2,-6,978.92,8,last quarter,"4.8, 6.4"
-3,-7,985.92,8,last quarter,"0.0, 1.6"
-4,-9,987.25,8,waning crescent,"0.0, 1.6"
-4,-8,976.59,8,waning crescent,"3.2, 4.8"
-3,-8,980.59,8,waning crescent,< 0.0
-4,-6,984.25,8,waning crescent,< 0.0
-4,-9,987.59,8,new,"1.6, 3.2"
-3,-10,990.59,8,new,"1.6, 3.2"
0,-5,983.59,8,waxing crescent,"8.0, 9.6"
0,-2,980.25,8,waxing crescent,"0.0, 1.6"
-2,-4,982.59,8,waxing crescent,"3.2, 4.8"
-4,-8,984.59,7,waxing crescent,"0.0, 1.6"
-6,-9,991.92,7,first quarter,"1.6, 3.2"
-8,-12,994.92,7,first quarter,< 0.0
-9,-12,988.92,7,first quarter,"3.2, 4.8"
-7,-12,991.25,7,waxing gibbous,< 0.0
-9,-13,989.26,7,waxing gibbous,"0.0, 1.6"
1,-10,980.92,7,waxing gibbous,"0.0, 1.6"
3,-1,977.92,7,waxing gibbous,"3.2, 4.8"
5,0,978.92,7,waxing gibbous,"1.6, 3.2"
3,-1,977.25,7,full,"6.4, 8.0"
1,-4,987.59,7,full,"0.0, 1.6"
-1,-5,997.58,8,full,"0.0, 1.6"
0,-5,988.92,8,full,< 0.0
2,-3,989.25,8,wwaning gibbous,"0.0, 1.6"
2,-3,983.26,8,wwaning gibbous,"0.0, 1.6"
1,-3,986.25,8,wwaning gibbous,"0.0, 1.6"
5,-1,989.59,8,wwaning gibbous,"0.0, 1.6"
4,1,983.59,8,last quarter,"0.0, 1.6"
1,-2,982.92,8,last quarter,< 0.0
0,-4,986.59,8,last quarter,"0.0, 1.6"
-3,-8,993.59,8,waning crescent,"0.0, 1.6"
-4,-8,994.25,8,waning crescent,< 0.0
-3,-7,988.92,8,waning crescent,"1.6, 3.2"
1,-4,972.92,8,waning crescent,"0.0, 1.6"
-1,-4,973.59,8,new,"3.2, 4.8"
-2,-6,980.25,9,new,"0.0, 1.6"
-2,-7,989.59,9,new,< 0.0
-4,-9,990.92,9,waxing crescent,< 0.0
0,-6,982.59,9,waxing crescent,"3.2, 4.8"
0,-3,974.26,9,waxing crescent,"0.0, 1.6"
-2,-8,975.25,9,waxing crescent,< 0.0
-4,-8,979.92,9,first quarter,< 0.0
-6,-10,971.25,9,first quarter,"0.0, 1.6"
-3,-13,968.59,9,first quarter,"0.0, 1.6"
0,-4,963.59,9,waxing gibbous,"0.0, 1.6"
-5,-9,972.25,9,waxing gibbous,< 0.0
-6,-10,976.92,9,waxing gibbous,< 0.0
-2,-12,980.59,9,waxing gibbous,"6.4, 8.0"
-6,-14,986.92,9,waxing gibbous,"0.0, 1.6"
-9,-15,988.25,9,full,"0.0, 1.6"
-9,-19,982.59,9,full,"0.0, 1.6"
-2,-16,981.92,9,full,"0.0, 1.6"
1,-5,981.92,9,wwaning gibbous,"1.6, 3.2"
8,-2,976.92,9,wwaning gibbous,"1.6, 3.2"
3,0,972.92,9,wwaning gibbous,"0.0, 1.6"
3,0,970.59,9,wwaning gibbous,"4.8, 6.4"
2,-1,962.25,9,wwaning gibbous,"0.0, 1.6"
0,-4,971.92,9,last quarter,"0.0, 1.6"
1,-5,975.92,9,last quarter,< 0.0
3,-1,972.92,9,waning crescent,"0.0, 1.6"
2,-2,969.92,10,waning crescent,"0.0, 1.6"
0,-3,970.59,10,waning crescent,"4.8, 6.4"
0,-3,976.92,10,waning crescent,"3.2, 4.8"
-1,-5,980.25,10,new,< 0.0
-1,-5,981.59,10,new,"1.6, 3.2"
0,-5,974.92,10,new,"0.0, 1.6"
-1,-10,984.59,10,waxing crescent,"0.0, 1.6"
-1,-7,987.25,10,waxing crescent,< 0.0
0,-4,991.92,10,waxing crescent,< 0.0
-1,-4,989.59,10,waxing crescent,"0.0, 1.6"
-1,-5,992.25,10,waxing crescent,"3.2, 4.8"
-3,-8,993.25,10,first quarter,< 0.0
-5,-10,988.59,10,first quarter,< 0.0
0,-7,974.25,10,first quarter,< 0.0
-1,-9,979.59,10,waxing gibbous,"1.6, 3.2"
0,-8,987.92,11,waxing gibbous,"0.0, 1.6"
0,-10,986.59,11,waxing gibbous,"4.8, 6.4"
1,-3,985.25,11,waxing gibbous,< 0.0
1,-2,988.92,11,waxing gibbous,< 0.0
2,-2,992.92,11,full,"0.0, 1.6"
1,-1,996.92,11,full,"1.6, 3.2"
3,-2,997.58,11,full,< 0.0
2,-1,993.25,11,wwaning gibbous,< 0.0
